filename,target
1_Audi.jpg,Audi
2_Audi.jpg,Audi
3_Audi.jpg,Audi
4_Audi.jpg,Audi
5_Audi.jpg,Audi
6_Audi.jpg,Audi
7_Audi.jpg,Audi
8_Audi.jpg,Audi
9_Audi.jpg,Audi
10_Audi.jpg,Audi
11_Audi.jpg,Audi
12_Audi.jpg,Audi
13_Audi.jpg,Audi
14_Audi.jpg,Audi
15_Audi.jpg,Audi
16_Audi.jpg,Audi
17_Audi.jpg,Audi
18_Audi.jpg,Audi
19_Audi.jpg,Audi
20_Audi.jpg,Audi
21_Audi.jpg,Audi
22_Audi.jpg,Audi
23_Audi.jpg,Audi
24_Audi.jpg,Audi
25_Audi.jpg,Audi
26_Audi.jpg,Audi
27_Audi.jpg,Audi
28_Audi.jpg,Audi
29_Audi.jpg,Audi
30_Audi.jpg,Audi
31_Audi.jpg,Audi
32_Audi.jpg,Audi
33_Audi.jpg,Audi
34_Audi.jpg,Audi
35_Audi.jpg,Audi
36_Audi.jpg,Audi
37_Audi.jpg,Audi
38_Audi.jpg,Audi
39_Audi.jpg,Audi
40_Audi.jpg,Audi
41_Audi.jpg,Audi
42_Audi.jpg,Audi
43_Audi.jpg,Audi
44_Audi.jpg,Audi
45_Audi.jpg,Audi
46_Audi.jpg,Audi
47_Audi.jpg,Audi
48_Audi.jpg,Audi
49_Audi.jpg,Audi
50_Audi.jpg,Audi
51_Audi.jpg,Audi
52_Audi.jpg,Audi
53_Audi.jpg,Audi
54_Audi.jpg,Audi
55_Audi.jpg,Audi
56_Audi.jpg,Audi
57_Audi.jpg,Audi
58_Audi.jpg,Audi
59_Audi.jpg,Audi
60_Audi.jpg,Audi
1_BMW.jpg,BMW
2_BMW.jpg,BMW
3_BMW.jpg,BMW
4_BMW.jpg,BMW
5_BMW.jpg,BMW
6_BMW.jpg,BMW
7_BMW.jpg,BMW
8_BMW.jpg,BMW
9_BMW.jpg,BMW
10_BMW.jpg,BMW
11_BMW.jpg,BMW
12_BMW.jpg,BMW
13_BMW.jpg,BMW
14_BMW.jpg,BMW
15_BMW.jpg,BMW
16_BMW.jpg,BMW
17_BMW.jpg,BMW
18_BMW.jpg,BMW
19_BMW.jpg,BMW
20_BMW.jpg,BMW
21_BMW.jpg,BMW
22_BMW.jpg,BMW
23_BMW.jpg,BMW
24_BMW.jpg,BMW
25_BMW.jpg,BMW
26_BMW.jpg,BMW
27_BMW.jpg,BMW
28_BMW.jpg,BMW
29_BMW.jpg,BMW
30_BMW.jpg,BMW
31_BMW.jpg,BMW
32_BMW.jpg,BMW
33_BMW.jpg,BMW
34_BMW.jpg,BMW
35_BMW.jpg,BMW
36_BMW.jpg,BMW
37_BMW.jpg,BMW
38_BMW.jpg,BMW
39_BMW.jpg,BMW
40_BMW.jpg,BMW
41_BMW.jpg,BMW
42_BMW.jpg,BMW
43_BMW.jpg,BMW
44_BMW.jpg,BMW
45_BMW.jpg,BMW
46_BMW.jpg,BMW
47_BMW.jpg,BMW
48_BMW.jpg,BMW
49_BMW.jpg,BMW
50_BMW.jpg,BMW
51_BMW.jpg,BMW
52_BMW.jpg,BMW
53_BMW.jpg,BMW
54_BMW.jpg,BMW
55_BMW.jpg,BMW
56_BMW.jpg,BMW
57_BMW.jpg,BMW
58_BMW.jpg,BMW
59_BMW.jpg,BMW
60_BMW.jpg,BMW
1_Hyundai Creta.jpg,Hyundai Creta
2_Hyundai Creta.jpg,Hyundai Creta
3_Hyundai Creta.jpg,Hyundai Creta
4_Hyundai Creta.jpg,Hyundai Creta
5_Hyundai Creta.jpg,Hyundai Creta
6_Hyundai Creta.jpg,Hyundai Creta
7_Hyundai Creta.jpg,Hyundai Creta
8_Hyundai Creta.jpg,Hyundai Creta
9_Hyundai Creta.jpg,Hyundai Creta
10_Hyundai Creta.jpg,Hyundai Creta
11_Hyundai Creta.jpg,Hyundai Creta
12_Hyundai Creta.jpg,Hyundai Creta
13_Hyundai Creta.jpg,Hyundai Creta
14_Hyundai Creta.jpg,Hyundai Creta
15_Hyundai Creta.jpg,Hyundai Creta
16_Hyundai Creta.jpg,Hyundai Creta
17_Hyundai Creta.jpg,Hyundai Creta
18_Hyundai Creta.jpg,Hyundai Creta
19_Hyundai Creta.jpg,Hyundai Creta
20_Hyundai Creta.jpg,Hyundai Creta
21_Hyundai Creta.jpg,Hyundai Creta
22_Hyundai Creta.jpg,Hyundai Creta
23_Hyundai Creta.jpg,Hyundai Creta
24_Hyundai Creta.jpg,Hyundai Creta
25_Hyundai Creta.jpg,Hyundai Creta
26_Hyundai Creta.jpg,Hyundai Creta
27_Hyundai Creta.jpg,Hyundai Creta
28_Hyundai Creta.jpg,Hyundai Creta
29_Hyundai Creta.jpg,Hyundai Creta
30_Hyundai Creta.jpg,Hyundai Creta
31_Hyundai Creta.jpg,Hyundai Creta
32_Hyundai Creta.jpg,Hyundai Creta
33_Hyundai Creta.jpg,Hyundai Creta
34_Hyundai Creta.jpg,Hyundai Creta
35_Hyundai Creta.jpg,Hyundai Creta
36_Hyundai Creta.jpg,Hyundai Creta
37_Hyundai Creta.jpg,Hyundai Creta
38_Hyundai Creta.jpg,Hyundai Creta
39_Hyundai Creta.jpg,Hyundai Creta
40_Hyundai Creta.jpg,Hyundai Creta
41_Hyundai Creta.jpg,Hyundai Creta
42_Hyundai Creta.jpg,Hyundai Creta
43_Hyundai Creta.jpg,Hyundai Creta
44_Hyundai Creta.jpg,Hyundai Creta
45_Hyundai Creta.jpg,Hyundai Creta
46_Hyundai Creta.jpg,Hyundai Creta
47_Hyundai Creta.jpg,Hyundai Creta
48_Hyundai Creta.jpg,Hyundai Creta
49_Hyundai Creta.jpg,Hyundai Creta
50_Hyundai Creta.jpg,Hyundai Creta
51_Hyundai Creta.jpg,Hyundai Creta
52_Hyundai Creta.jpg,Hyundai Creta
53_Hyundai Creta.jpg,Hyundai Creta
54_Hyundai Creta.jpg,Hyundai Creta
55_Hyundai Creta.jpg,Hyundai Creta
56_Hyundai Creta.jpg,Hyundai Creta
57_Hyundai Creta.jpg,Hyundai Creta
58_Hyundai Creta.jpg,Hyundai Creta
59_Hyundai Creta.jpg,Hyundai Creta
60_Hyundai Creta.jpg,Hyundai Creta
1_Mahindra Scorpio.jpg,Mahindra Scorpio
2_Mahindra Scorpio.jpg,Mahindra Scorpio
3_Mahindra Scorpio.jpg,Mahindra Scorpio
4_Mahindra Scorpio.jpg,Mahindra Scorpio
5_Mahindra Scorpio.jpg,Mahindra Scorpio
6_Mahindra Scorpio.jpg,Mahindra Scorpio
7_Mahindra Scorpio.jpg,Mahindra Scorpio
8_Mahindra Scorpio.jpg,Mahindra Scorpio
9_Mahindra Scorpio.jpg,Mahindra Scorpio
10_Mahindra Scorpio.jpg,Mahindra Scorpio
11_Mahindra Scorpio.jpg,Mahindra Scorpio
12_Mahindra Scorpio.jpg,Mahindra Scorpio
13_Mahindra Scorpio.jpg,Mahindra Scorpio
14_Mahindra Scorpio.jpg,Mahindra Scorpio
15_Mahindra Scorpio.jpg,Mahindra Scorpio
16_Mahindra Scorpio.jpg,Mahindra Scorpio
17_Mahindra Scorpio.jpg,Mahindra Scorpio
18_Mahindra Scorpio.jpg,Mahindra Scorpio
19_Mahindra Scorpio.jpg,Mahindra Scorpio
20_Mahindra Scorpio.jpg,Mahindra Scorpio
21_Mahindra Scorpio.jpg,Mahindra Scorpio
22_Mahindra Scorpio.jpg,Mahindra Scorpio
23_Mahindra Scorpio.jpg,Mahindra Scorpio
24_Mahindra Scorpio.jpg,Mahindra Scorpio
25_Mahindra Scorpio.jpg,Mahindra Scorpio
26_Mahindra Scorpio.jpg,Mahindra Scorpio
27_Mahindra Scorpio.jpg,Mahindra Scorpio
28_Mahindra Scorpio.jpg,Mahindra Scorpio
29_Mahindra Scorpio.jpg,Mahindra Scorpio
30_Mahindra Scorpio.jpg,Mahindra Scorpio
31_Mahindra Scorpio.jpg,Mahindra Scorpio
32_Mahindra Scorpio.jpg,Mahindra Scorpio
33_Mahindra Scorpio.jpg,Mahindra Scorpio
34_Mahindra Scorpio.jpg,Mahindra Scorpio
35_Mahindra Scorpio.jpg,Mahindra Scorpio
36_Mahindra Scorpio.jpg,Mahindra Scorpio
37_Mahindra Scorpio.jpg,Mahindra Scorpio
38_Mahindra Scorpio.jpg,Mahindra Scorpio
39_Mahindra Scorpio.jpg,Mahindra Scorpio
40_Mahindra Scorpio.jpg,Mahindra Scorpio
41_Mahindra Scorpio.jpg,Mahindra Scorpio
42_Mahindra Scorpio.jpg,Mahindra Scorpio
43_Mahindra Scorpio.jpg,Mahindra Scorpio
44_Mahindra Scorpio.jpg,Mahindra Scorpio
45_Mahindra Scorpio.jpg,Mahindra Scorpio
46_Mahindra Scorpio.jpg,Mahindra Scorpio
47_Mahindra Scorpio.jpg,Mahindra Scorpio
48_Mahindra Scorpio.jpg,Mahindra Scorpio
49_Mahindra Scorpio.jpg,Mahindra Scorpio
50_Mahindra Scorpio.jpg,Mahindra Scorpio
51_Mahindra Scorpio.jpg,Mahindra Scorpio
52_Mahindra Scorpio.jpg,Mahindra Scorpio
53_Mahindra Scorpio.jpg,Mahindra Scorpio
54_Mahindra Scorpio.jpg,Mahindra Scorpio
55_Mahindra Scorpio.jpg,Mahindra Scorpio
56_Mahindra Scorpio.jpg,Mahindra Scorpio
57_Mahindra Scorpio.jpg,Mahindra Scorpio
58_Mahindra Scorpio.jpg,Mahindra Scorpio
59_Mahindra Scorpio.jpg,Mahindra Scorpio
60_Mahindra Scorpio.jpg,Mahindra Scorpio
1_Mazda mx5.jpg,Mazda mx5
2_Mazda mx5.jpg,Mazda mx5
3_Mazda mx5.jpg,Mazda mx5
4_Mazda mx5.jpg,Mazda mx5
5_Mazda mx5.jpg,Mazda mx5
6_Mazda mx5.jpg,Mazda mx5
7_Mazda mx5.jpg,Mazda mx5
8_Mazda mx5.jpg,Mazda mx5
9_Mazda mx5.jpg,Mazda mx5
10_Mazda mx5.jpg,Mazda mx5
11_Mazda mx5.jpg,Mazda mx5
12_Mazda mx5.jpg,Mazda mx5
13_Mazda mx5.jpg,Mazda mx5
14_Mazda mx5.jpg,Mazda mx5
15_Mazda mx5.jpg,Mazda mx5
16_Mazda mx5.jpg,Mazda mx5
17_Mazda mx5.jpg,Mazda mx5
18_Mazda mx5.jpg,Mazda mx5
19_Mazda mx5.jpg,Mazda mx5
20_Mazda mx5.jpg,Mazda mx5
21_Mazda mx5.jpg,Mazda mx5
22_Mazda mx5.jpg,Mazda mx5
23_Mazda mx5.jpg,Mazda mx5
24_Mazda mx5.jpg,Mazda mx5
25_Mazda mx5.jpg,Mazda mx5
26_Mazda mx5.jpg,Mazda mx5
27_Mazda mx5.jpg,Mazda mx5
28_Mazda mx5.jpg,Mazda mx5
29_Mazda mx5.jpg,Mazda mx5
30_Mazda mx5.jpg,Mazda mx5
31_Mazda mx5.jpg,Mazda mx5
32_Mazda mx5.jpg,Mazda mx5
33_Mazda mx5.jpg,Mazda mx5
34_Mazda mx5.jpg,Mazda mx5
35_Mazda mx5.jpg,Mazda mx5
36_Mazda mx5.jpg,Mazda mx5
37_Mazda mx5.jpg,Mazda mx5
38_Mazda mx5.jpg,Mazda mx5
39_Mazda mx5.jpg,Mazda mx5
40_Mazda mx5.jpg,Mazda mx5
41_Mazda mx5.jpg,Mazda mx5
42_Mazda mx5.jpg,Mazda mx5
43_Mazda mx5.jpg,Mazda mx5
44_Mazda mx5.jpg,Mazda mx5
45_Mazda mx5.jpg,Mazda mx5
46_Mazda mx5.jpg,Mazda mx5
47_Mazda mx5.jpg,Mazda mx5
48_Mazda mx5.jpg,Mazda mx5
49_Mazda mx5.jpg,Mazda mx5
50_Mazda mx5.jpg,Mazda mx5
51_Mazda mx5.jpg,Mazda mx5
52_Mazda mx5.jpg,Mazda mx5
53_Mazda mx5.jpg,Mazda mx5
54_Mazda mx5.jpg,Mazda mx5
55_Mazda mx5.jpg,Mazda mx5
56_Mazda mx5.jpg,Mazda mx5
57_Mazda mx5.jpg,Mazda mx5
58_Mazda mx5.jpg,Mazda mx5
59_Mazda mx5.jpg,Mazda mx5
60_Mazda mx5.jpg,Mazda mx5
1_Porche 911.jpg,Porche 911
2_Porche 911.jpg,Porche 911
3_Porche 911.jpg,Porche 911
4_Porche 911.jpg,Porche 911
5_Porche 911.jpg,Porche 911
6_Porche 911.jpg,Porche 911
7_Porche 911.jpg,Porche 911
8_Porche 911.jpg,Porche 911
9_Porche 911.jpg,Porche 911
10_Porche 911.jpg,Porche 911
11_Porche 911.jpg,Porche 911
12_Porche 911.jpg,Porche 911
13_Porche 911.jpg,Porche 911
14_Porche 911.jpg,Porche 911
15_Porche 911.jpg,Porche 911
16_Porche 911.jpg,Porche 911
17_Porche 911.jpg,Porche 911
18_Porche 911.jpg,Porche 911
19_Porche 911.jpg,Porche 911
20_Porche 911.jpg,Porche 911
21_Porche 911.jpg,Porche 911
22_Porche 911.jpg,Porche 911
23_Porche 911.jpg,Porche 911
24_Porche 911.jpg,Porche 911
25_Porche 911.jpg,Porche 911
26_Porche 911.jpg,Porche 911
27_Porche 911.jpg,Porche 911
28_Porche 911.jpg,Porche 911
29_Porche 911.jpg,Porche 911
30_Porche 911.jpg,Porche 911
31_Porche 911.jpg,Porche 911
32_Porche 911.jpg,Porche 911
33_Porche 911.jpg,Porche 911
34_Porche 911.jpg,Porche 911
35_Porche 911.jpg,Porche 911
36_Porche 911.jpg,Porche 911
37_Porche 911.jpg,Porche 911
38_Porche 911.jpg,Porche 911
39_Porche 911.jpg,Porche 911
40_Porche 911.jpg,Porche 911
41_Porche 911.jpg,Porche 911
42_Porche 911.jpg,Porche 911
43_Porche 911.jpg,Porche 911
44_Porche 911.jpg,Porche 911
45_Porche 911.jpg,Porche 911
46_Porche 911.jpg,Porche 911
47_Porche 911.jpg,Porche 911
48_Porche 911.jpg,Porche 911
49_Porche 911.jpg,Porche 911
50_Porche 911.jpg,Porche 911
51_Porche 911.jpg,Porche 911
52_Porche 911.jpg,Porche 911
53_Porche 911.jpg,Porche 911
54_Porche 911.jpg,Porche 911
55_Porche 911.jpg,Porche 911
56_Porche 911.jpg,Porche 911
57_Porche 911.jpg,Porche 911
58_Porche 911.jpg,Porche 911
59_Porche 911.jpg,Porche 911
60_Porche 911.jpg,Porche 911
1_Rolls Royce.jpg,Rolls Royce
2_Rolls Royce.jpg,Rolls Royce
3_Rolls Royce.jpg,Rolls Royce
4_Rolls Royce.jpg,Rolls Royce
5_Rolls Royce.jpg,Rolls Royce
6_Rolls Royce.jpg,Rolls Royce
7_Rolls Royce.jpg,Rolls Royce
8_Rolls Royce.jpg,Rolls Royce
9_Rolls Royce.jpg,Rolls Royce
10_Rolls Royce.jpg,Rolls Royce
11_Rolls Royce.jpg,Rolls Royce
12_Rolls Royce.jpg,Rolls Royce
13_Rolls Royce.jpg,Rolls Royce
14_Rolls Royce.jpg,Rolls Royce
15_Rolls Royce.jpg,Rolls Royce
16_Rolls Royce.jpg,Rolls Royce
17_Rolls Royce.jpg,Rolls Royce
18_Rolls Royce.jpg,Rolls Royce
19_Rolls Royce.jpg,Rolls Royce
20_Rolls Royce.jpg,Rolls Royce
21_Rolls Royce.jpg,Rolls Royce
22_Rolls Royce.jpg,Rolls Royce
23_Rolls Royce.jpg,Rolls Royce
24_Rolls Royce.jpg,Rolls Royce
25_Rolls Royce.jpg,Rolls Royce
26_Rolls Royce.jpg,Rolls Royce
27_Rolls Royce.jpg,Rolls Royce
28_Rolls Royce.jpg,Rolls Royce
29_Rolls Royce.jpg,Rolls Royce
30_Rolls Royce.jpg,Rolls Royce
31_Rolls Royce.jpg,Rolls Royce
32_Rolls Royce.jpg,Rolls Royce
33_Rolls Royce.jpg,Rolls Royce
34_Rolls Royce.jpg,Rolls Royce
35_Rolls Royce.jpg,Rolls Royce
36_Rolls Royce.jpg,Rolls Royce
37_Rolls Royce.jpg,Rolls Royce
38_Rolls Royce.jpg,Rolls Royce
39_Rolls Royce.jpg,Rolls Royce
40_Rolls Royce.jpg,Rolls Royce
41_Rolls Royce.jpg,Rolls Royce
42_Rolls Royce.jpg,Rolls Royce
43_Rolls Royce.jpg,Rolls Royce
44_Rolls Royce.jpg,Rolls Royce
45_Rolls Royce.jpg,Rolls Royce
46_Rolls Royce.jpg,Rolls Royce
47_Rolls Royce.jpg,Rolls Royce
48_Rolls Royce.jpg,Rolls Royce
49_Rolls Royce.jpg,Rolls Royce
50_Rolls Royce.jpg,Rolls Royce
51_Rolls Royce.jpg,Rolls Royce
52_Rolls Royce.jpg,Rolls Royce
53_Rolls Royce.jpg,Rolls Royce
54_Rolls Royce.jpg,Rolls Royce
55_Rolls Royce.jpg,Rolls Royce
56_Rolls Royce.jpg,Rolls Royce
57_Rolls Royce.jpg,Rolls Royce
58_Rolls Royce.jpg,Rolls Royce
59_Rolls Royce.jpg,Rolls Royce
60_Rolls Royce.jpg,Rolls Royce
1_Swift.jpg,Swift
2_Swift.jpg,Swift
3_Swift.jpg,Swift
4_Swift.jpg,Swift
5_Swift.jpg,Swift
6_Swift.jpg,Swift
7_Swift.jpg,Swift
8_Swift.jpg,Swift
9_Swift.jpg,Swift
10_Swift.jpg,Swift
11_Swift.jpg,Swift
12_Swift.jpg,Swift
13_Swift.jpg,Swift
14_Swift.jpg,Swift
15_Swift.jpg,Swift
16_Swift.jpg,Swift
17_Swift.jpg,Swift
18_Swift.jpg,Swift
19_Swift.jpg,Swift
20_Swift.jpg,Swift
21_Swift.jpg,Swift
22_Swift.jpg,Swift
23_Swift.jpg,Swift
24_Swift.jpg,Swift
25_Swift.jpg,Swift
26_Swift.jpg,Swift
27_Swift.jpg,Swift
28_Swift.jpg,Swift
29_Swift.jpg,Swift
30_Swift.jpg,Swift
31_Swift.jpg,Swift
32_Swift.jpg,Swift
33_Swift.jpg,Swift
34_Swift.jpg,Swift
35_Swift.jpg,Swift
36_Swift.jpg,Swift
37_Swift.jpg,Swift
38_Swift.jpg,Swift
39_Swift.jpg,Swift
40_Swift.jpg,Swift
41_Swift.jpg,Swift
42_Swift.jpg,Swift
43_Swift.jpg,Swift
44_Swift.jpg,Swift
45_Swift.jpg,Swift
46_Swift.jpg,Swift
47_Swift.jpg,Swift
48_Swift.jpg,Swift
49_Swift.jpg,Swift
50_Swift.jpg,Swift
51_Swift.jpg,Swift
52_Swift.jpg,Swift
53_Swift.jpg,Swift
54_Swift.jpg,Swift
55_Swift.jpg,Swift
56_Swift.jpg,Swift
57_Swift.jpg,Swift
58_Swift.jpg,Swift
59_Swift.jpg,Swift
60_Swift.jpg,Swift
1_Tata Safari.jpg,Tata Safari
2_Tata Safari.jpg,Tata Safari
3_Tata Safari.jpg,Tata Safari
4_Tata Safari.jpg,Tata Safari
5_Tata Safari.jpg,Tata Safari
6_Tata Safari.jpg,Tata Safari
7_Tata Safari.jpg,Tata Safari
8_Tata Safari.jpg,Tata Safari
9_Tata Safari.jpg,Tata Safari
10_Tata Safari.jpg,Tata Safari
11_Tata Safari.jpg,Tata Safari
12_Tata Safari.jpg,Tata Safari
13_Tata Safari.jpg,Tata Safari
14_Tata Safari.jpg,Tata Safari
15_Tata Safari.jpg,Tata Safari
16_Tata Safari.jpg,Tata Safari
17_Tata Safari.jpg,Tata Safari
18_Tata Safari.jpg,Tata Safari
19_Tata Safari.jpg,Tata Safari
20_Tata Safari.jpg,Tata Safari
21_Tata Safari.jpg,Tata Safari
22_Tata Safari.jpg,Tata Safari
23_Tata Safari.jpg,Tata Safari
24_Tata Safari.jpg,Tata Safari
25_Tata Safari.jpg,Tata Safari
26_Tata Safari.jpg,Tata Safari
27_Tata Safari.jpg,Tata Safari
28_Tata Safari.jpg,Tata Safari
29_Tata Safari.jpg,Tata Safari
30_Tata Safari.jpg,Tata Safari
31_Tata Safari.jpg,Tata Safari
32_Tata Safari.jpg,Tata Safari
33_Tata Safari.jpg,Tata Safari
34_Tata Safari.jpg,Tata Safari
35_Tata Safari.jpg,Tata Safari
36_Tata Safari.jpg,Tata Safari
37_Tata Safari.jpg,Tata Safari
38_Tata Safari.jpg,Tata Safari
39_Tata Safari.jpg,Tata Safari
40_Tata Safari.jpg,Tata Safari
41_Tata Safari.jpg,Tata Safari
42_Tata Safari.jpg,Tata Safari
43_Tata Safari.jpg,Tata Safari
44_Tata Safari.jpg,Tata Safari
45_Tata Safari.jpg,Tata Safari
46_Tata Safari.jpg,Tata Safari
47_Tata Safari.jpg,Tata Safari
48_Tata Safari.jpg,Tata Safari
49_Tata Safari.jpg,Tata Safari
50_Tata Safari.jpg,Tata Safari
51_Tata Safari.jpg,Tata Safari
52_Tata Safari.jpg,Tata Safari
53_Tata Safari.jpg,Tata Safari
54_Tata Safari.jpg,Tata Safari
55_Tata Safari.jpg,Tata Safari
56_Tata Safari.jpg,Tata Safari
57_Tata Safari.jpg,Tata Safari
58_Tata Safari.jpg,Tata Safari
59_Tata Safari.jpg,Tata Safari
60_Tata Safari.jpg,Tata Safari
1_Toyota Innova.jpg,Toyota Innova
2_Toyota Innova.jpg,Toyota Innova
3_Toyota Innova.jpg,Toyota Innova
4_Toyota Innova.jpg,Toyota Innova
5_Toyota Innova.jpg,Toyota Innova
6_Toyota Innova.jpg,Toyota Innova
7_Toyota Innova.jpg,Toyota Innova
8_Toyota Innova.jpg,Toyota Innova
9_Toyota Innova.jpg,Toyota Innova
10_Toyota Innova.jpg,Toyota Innova
11_Toyota Innova.jpg,Toyota Innova
12_Toyota Innova.jpg,Toyota Innova
13_Toyota Innova.jpg,Toyota Innova
14_Toyota Innova.jpg,Toyota Innova
15_Toyota Innova.jpg,Toyota Innova
16_Toyota Innova.jpg,Toyota Innova
17_Toyota Innova.jpg,Toyota Innova
18_Toyota Innova.jpg,Toyota Innova
19_Toyota Innova.jpg,Toyota Innova
20_Toyota Innova.jpg,Toyota Innova
21_Toyota Innova.jpg,Toyota Innova
22_Toyota Innova.jpg,Toyota Innova
23_Toyota Innova.jpg,Toyota Innova
24_Toyota Innova.jpg,Toyota Innova
25_Toyota Innova.jpg,Toyota Innova
26_Toyota Innova.jpg,Toyota Innova
27_Toyota Innova.jpg,Toyota Innova
28_Toyota Innova.jpg,Toyota Innova
29_Toyota Innova.jpg,Toyota Innova
30_Toyota Innova.jpg,Toyota Innova
31_Toyota Innova.jpg,Toyota Innova
32_Toyota Innova.jpg,Toyota Innova
33_Toyota Innova.jpg,Toyota Innova
34_Toyota Innova.jpg,Toyota Innova
35_Toyota Innova.jpg,Toyota Innova
36_Toyota Innova.jpg,Toyota Innova
37_Toyota Innova.jpg,Toyota Innova
38_Toyota Innova.jpg,Toyota Innova
39_Toyota Innova.jpg,Toyota Innova
40_Toyota Innova.jpg,Toyota Innova
41_Toyota Innova.jpg,Toyota Innova
42_Toyota Innova.jpg,Toyota Innova
43_Toyota Innova.jpg,Toyota Innova
44_Toyota Innova.jpg,Toyota Innova
45_Toyota Innova.jpg,Toyota Innova
46_Toyota Innova.jpg,Toyota Innova
47_Toyota Innova.jpg,Toyota Innova
48_Toyota Innova.jpg,Toyota Innova
49_Toyota Innova.jpg,Toyota Innova
50_Toyota Innova.jpg,Toyota Innova
51_Toyota Innova.jpg,Toyota Innova
52_Toyota Innova.jpg,Toyota Innova
53_Toyota Innova.jpg,Toyota Innova
54_Toyota Innova.jpg,Toyota Innova
55_Toyota Innova.jpg,Toyota Innova
56_Toyota Innova.jpg,Toyota Innova
57_Toyota Innova.jpg,Toyota Innova
58_Toyota Innova.jpg,Toyota Innova
59_Toyota Innova.jpg,Toyota Innova
60_Toyota Innova.jpg,Toyota Innova
